title,price,square_meters,rooms,interior_state,postal_code,neighborhood,url,unique_id
For rent: Flat Wolphaertsbocht in Rotterdam,1495,75,3,Upholstered,3081 KJ,Tarwewijk,https://www.pararius.com/apartment-for-rent/rotterdam/97e9e5ba/wolphaertsbocht,1495-3081 KJ-75
For rent: Flat Gerrit Jan Mulderstraat in Rotterdam,1550,52,2,Furnished,3023 RL,Nieuwe Westen,https://www.pararius.com/apartment-for-rent/rotterdam/a0dffa19/gerrit-jan-mulderstraat,1550-3023 RL-52
For rent: Flat Spanjaardstraat in Rotterdam,1085,47,2,Upholstered,3025 TW,Bospolder,https://www.pararius.com/apartment-for-rent/rotterdam/400eb796/spanjaardstraat,1085-3025 TW-47
For rent: Flat Nieuwe Binnenweg in Rotterdam,1095,62,2,Shell,3023 EX,Nieuwe Westen,https://www.pararius.com/apartment-for-rent/rotterdam/11d5eff7/nieuwe-binnenweg,1095-3023 EX-62
For rent: Flat Louise de Colignylaan 63 in Rotterdam,1750,86,3,Furnished,3062 HC,Kralingen Oost,https://www.pararius.com/apartment-for-rent/rotterdam/e22a2191/louise-de-colignylaan,1750-3062 HC-86
For rent: Flat Gerrit Jan Mulderstraat in Rotterdam,1595,58,2,Furnished,3023 RL,Nieuwe Westen,https://www.pararius.com/apartment-for-rent/rotterdam/42d74a5a/gerrit-jan-mulderstraat,1595-3023 RL-58
For rent: Flat Müllerkade in Rotterdam,2250,56,3,Furnished,3024 EP,Schiemond,https://www.pararius.com/apartment-for-rent/rotterdam/6faabe85/muellerkade,2250-3024 EP-56
For rent: Flat Adamshofstraat in Rotterdam,2400,90,3,Furnished,3061 ZB,Kralingen West,https://www.pararius.com/apartment-for-rent/rotterdam/161d7004/adamshofstraat,2400-3061 ZB-90
For rent: Flat Mauritsstraat in Rotterdam,810,21,1,Upholstered,3012 CH,Cool,https://www.pararius.com/apartment-for-rent/rotterdam/ee0419c2/mauritsstraat,810-3012 CH-21
For rent: Flat Specerijenhof in Rotterdam,2150,110,3,Furnished,3063 BX,Struisenburg,https://www.pararius.com/apartment-for-rent/rotterdam/56116c61/specerijenhof,2150-3063 BX-110
For rent: Flat Dorpsweg in Rotterdam,2250,145,4,Furnished,3083 LB,Oud Charlois,https://www.pararius.com/apartment-for-rent/rotterdam/d77b9440/dorpsweg,2250-3083 LB-145
For rent: Flat Groene Hilledijk 298 A2 in Rotterdam,725,50,2,Shell,3074 AG,Hillesluis,https://www.pararius.com/apartment-for-rent/rotterdam/19afb653/groene-hilledijk,725-3074 AG-50
For rent: Flat Prinses Margrietlaan in Rotterdam,1900,80,2,Furnished,3051 AP,Hillegersberg Zuid,https://www.pararius.com/apartment-for-rent/rotterdam/907c848d/prinses-margrietlaan,1900-3051 AP-80
For rent: Flat Zuidhoek 266 A-03 in Rotterdam,799,43,2,Upholstered,3082 PT,Oud Charlois,https://www.pararius.com/apartment-for-rent/rotterdam/dc12487d/zuidhoek,799-3082 PT-43
For rent: Studio Katendrechtse Lagedijk in Rotterdam,650,20,1,Upholstered,3082 GA,Oud Charlois,https://www.pararius.com/studio-for-rent/rotterdam/18bf067e/katendrechtse-lagedijk,650-3082 GA-20
For rent: Flat Mozartlaan in Rotterdam,1700,77,3,,3055 KJ,Molenlaankwartier,https://www.pararius.com/apartment-for-rent/rotterdam/eb8909ee/mozartlaan,1700-3055 KJ-77
For rent: Flat Essenburgsingel 106 A in Rotterdam,1555,65,3,Upholstered,3022 EH,Nieuwe Westen,https://www.pararius.com/apartment-for-rent/rotterdam/8cd1536f/essenburgsingel,1555-3022 EH-65
For rent: Flat Diergaardesingel 96 B in Rotterdam,855,35,2,Upholstered,3014 AH,Oude Westen,https://www.pararius.com/apartment-for-rent/rotterdam/c936846e/diergaardesingel,855-3014 AH-35
For rent: Flat Lambertusstraat in Rotterdam,2300,90,3,Furnished,3061 XW,Kralingen West,https://www.pararius.com/apartment-for-rent/rotterdam/752659d1/lambertusstraat,2300-3061 XW-90
For rent: House Trompetbloem 3 in Rotterdam,1995,111,4,Furnished,3068 AS,Ommoord,https://www.pararius.com/house-for-rent/rotterdam/08e3daec/trompetbloem,1995-3068 AS-111
For rent: Flat Tollensstraat in Rotterdam,2350,89,4,Upholstered,3035 NK,Oude Noorden,https://www.pararius.com/apartment-for-rent/rotterdam/cc063cf9/tollensstraat,2350-3035 NK-89
For rent: Flat Kipstraat 41 J in Rotterdam,1470,80,3,,3011 ZX,Stadsdriehoek,https://www.pararius.com/apartment-for-rent/rotterdam/238dff1e/kipstraat,1470-3011 ZX-80
For rent: House Jeroen Boschlaan in Rotterdam,3095,185,6,Upholstered,3055 NN,Molenlaankwartier,https://www.pararius.com/house-for-rent/rotterdam/12e715a3/jeroen-boschlaan,3095-3055 NN-185
For rent: Flat Heiman Dullaertplein 95 in Rotterdam,1795,118,3,,3024 CD,Delfshaven,https://www.pararius.com/apartment-for-rent/rotterdam/88c3ed63/heiman-dullaertplein,1795-3024 CD-118
For rent: Studio Mathenesserweg in Rotterdam,1500,38,2,Furnished,3027 HG,Spangen,https://www.pararius.com/studio-for-rent/rotterdam/e62ba265/mathenesserweg,1500-3027 HG-38
For rent: Flat Beijerlandselaan 173 C in Rotterdam,816,40,2,Upholstered,3074 EH,Hillesluis,https://www.pararius.com/apartment-for-rent/rotterdam/016938fa/beijerlandselaan,816-3074 EH-40
For rent: Flat Beukelsdijk 18 A in Rotterdam,1900,73,3,Upholstered,3021 AG,Middelland,https://www.pararius.com/apartment-for-rent/rotterdam/15f8ba11/beukelsdijk,1900-3021 AG-73
For rent: Flat Boezemsingel in Rotterdam,2295,72,4,Upholstered,3034 EA,Oud Crooswijk,https://www.pararius.com/apartment-for-rent/rotterdam/2cc69cc1/boezemsingel,2295-3034 EA-72
For rent: Flat Pegasusweg in Rotterdam,1695,105,3,Furnished,3067 KX,Oosterflank,https://www.pararius.com/apartment-for-rent/rotterdam/3a98a9be/pegasusweg,1695-3067 KX-105
For rent: Flat Jupiterstraat in Rotterdam,1750,97,2,Upholstered,3054 WH,Hillegersberg Noord,https://www.pararius.com/apartment-for-rent/rotterdam/7e13113d/jupiterstraat,1750-3054 WH-97
For rent: Flat Gedempte Zalmhaven in Rotterdam,3254,83,3,Furnished,3016 DT,Nieuwe Werk,https://www.pararius.com/apartment-for-rent/rotterdam/ef74dc83/gedempte-zalmhaven,3254-3016 DT-83
For rent: Flat Willebrordusplein 20 K in Rotterdam,1610,66,3,Upholstered,3037 TD,Liskwartier,https://www.pararius.com/apartment-for-rent/rotterdam/5ca4bcea/willebrordusplein,1610-3037 TD-66
For rent: Studio Lieve Verschuierstraat in Rotterdam,1100,27,2,Furnished,3021 ZD,Middelland,https://www.pararius.com/studio-for-rent/rotterdam/b00baa8e/lieve-verschuierstraat,1100-3021 ZD-27
For rent: Flat Samuel Mullerstraat in Rotterdam,1795,100,3,Furnished,3023 SM,Nieuwe Westen,https://www.pararius.com/apartment-for-rent/rotterdam/0b0b9702/samuel-mullerstraat,1795-3023 SM-100
For rent: Flat Ploegstraat in Rotterdam,750,39,2,Upholstered,3075 ND,Vreewijk,https://www.pararius.com/apartment-for-rent/rotterdam/fe1354c4/ploegstraat,750-3075 ND-39
For rent: Flat Eendrachtsweg in Rotterdam,1850,50,1,Furnished,3012 LG,Cool,https://www.pararius.com/apartment-for-rent/rotterdam/049e804f/eendrachtsweg,1850-3012 LG-50
For rent: Flat Van Vollenhovenstraat 3 703 in Rotterdam,1775,52,2,Furnished,3016 BE,Nieuwe Werk,https://www.pararius.com/apartment-for-rent/rotterdam/cca5c1fe/van-vollenhovenstraat,1775-3016 BE-52
For rent: Flat Bergselaan in Rotterdam,1495,103,3,Upholstered,3038 CN,Bergpolder,https://www.pararius.com/apartment-for-rent/rotterdam/a81ff8e0/bergselaan,1495-3038 CN-103
For rent: Flat Van Beethovensingel 140 in Rotterdam,2200,89,3,Upholstered,3055 JM,Molenlaankwartier,https://www.pararius.com/apartment-for-rent/rotterdam/c6270a7c/van-beethovensingel,2200-3055 JM-89
For rent: House Hommelstraat in Rotterdam,2800,128,4,Furnished,3061 VA,Kralingen West,https://www.pararius.com/house-for-rent/rotterdam/7ba3982b/hommelstraat,2800-3061 VA-128
For rent: Flat Molenvliet in Rotterdam,2095,100,4,Furnished,3076 CL,Lombardijen,https://www.pararius.com/apartment-for-rent/rotterdam/cb221eef/molenvliet,2095-3076 CL-100
For rent: Flat Berberisweg 416 in Rotterdam,1903,108,4,,3053 PL,Schiebroek,https://www.pararius.com/apartment-for-rent/rotterdam/52b16784/berberisweg,1903-3053 PL-108
For rent: Flat Binnenrotte in Rotterdam,2850,130,3,Furnished,3011 HC,Stadsdriehoek,https://www.pararius.com/apartment-for-rent/rotterdam/82ebccaa/binnenrotte,2850-3011 HC-130
For rent: Flat Van Vollenhovenstraat in Rotterdam,1138,50,2,Upholstered,3016 BG,Nieuwe Werk,https://www.pararius.com/apartment-for-rent/rotterdam/05cc7c42/van-vollenhovenstraat,1138-3016 BG-50
For rent: House Eigelhorst in Rotterdam,2550,133,5,Upholstered or furnished,3085 VE,Zuidwijk,https://www.pararius.com/house-for-rent/rotterdam/37933462/eigelhorst,2550-3085 VE-133
For rent: Flat Saffierstraat in Rotterdam,1950,85,3,,3051 XV,Hillegersberg Zuid,https://www.pararius.com/apartment-for-rent/rotterdam/e0aba882/saffierstraat,1950-3051 XV-85
For rent: Flat Boompjes in Rotterdam,2000,80,1,Furnished,3011 XZ,Stadsdriehoek,https://www.pararius.com/apartment-for-rent/rotterdam/ba2d840c/boompjes,2000-3011 XZ-80
For rent: Flat Stationssingel in Rotterdam,1995,38,2,Furnished,3033 HA,Provenierswijk,https://www.pararius.com/apartment-for-rent/rotterdam/95e043db/stationssingel,1995-3033 HA-38
For rent: Flat Jan Evertsenplaats in Rotterdam,2695,95,3,Furnished,3012 HN,Cool,https://www.pararius.com/apartment-for-rent/rotterdam/bff3f5f5/jan-evertsenplaats,2695-3012 HN-95
For rent: Flat Haringvliet in Rotterdam,1550,55,2,Furnished,3011 TG,Stadsdriehoek,https://www.pararius.com/apartment-for-rent/rotterdam/8f2ba34c/haringvliet,1550-3011 TG-55
For rent: Flat Nieuwe Binnenweg in Rotterdam,2175,75,3,Upholstered,3015 BG,Oude Westen,https://www.pararius.com/apartment-for-rent/rotterdam/4c11d2a1/nieuwe-binnenweg,2175-3015 BG-75
For rent: Flat Schiehavenkade in Rotterdam,2950,136,3,Furnished,3024 EZ,Schiemond,https://www.pararius.com/apartment-for-rent/rotterdam/bd6b6067/schiehavenkade,2950-3024 EZ-136
For rent: Flat Bergweg in Rotterdam,2485,75,3,Upholstered,3036 BH,Oude Noorden,https://www.pararius.com/apartment-for-rent/rotterdam/533db0d8/bergweg,2485-3036 BH-75
For rent: Flat Westersingel in Rotterdam,1575,63,2,Furnished,3014 GM,Cool,https://www.pararius.com/apartment-for-rent/rotterdam/83871c4d/westersingel,1575-3014 GM-63
For rent: Flat Berberisweg 434 D in Rotterdam,1678,90,3,,3053 PL,Schiebroek,https://www.pararius.com/apartment-for-rent/rotterdam/51dfcc4c/berberisweg,1678-3053 PL-90
For rent: Flat Kapelstraat 93 in Rotterdam,1595,109,3,Upholstered,3024 CH,Delfshaven,https://www.pararius.com/apartment-for-rent/rotterdam/f855e94f/kapelstraat,1595-3024 CH-109
For rent: Flat Gedempte Zalmhaven in Rotterdam,3300,90,3,Furnished,3016 DT,Nieuwe Werk,https://www.pararius.com/apartment-for-rent/rotterdam/a3e3d002/gedempte-zalmhaven,3300-3016 DT-90
For rent: Flat Maashaven N.z. in Rotterdam,2650,99,3,Upholstered,3072 AE,Katendrecht,https://www.pararius.com/apartment-for-rent/rotterdam/74c67756/maashaven-n-z,2650-3072 AE-99
For rent: Flat Statenweg 141 A in Rotterdam,1795,126,4,,3039 HL,Blijdorp,https://www.pararius.com/apartment-for-rent/rotterdam/2c5393de/statenweg,1795-3039 HL-126
For rent: House Beukelsdijk in Rotterdam,2050,81,2,Upholstered,3021 AJ,Middelland,https://www.pararius.com/house-for-rent/rotterdam/777b3b31/beukelsdijk,2050-3021 AJ-81
For rent: Flat Rodenrijselaan in Rotterdam,690,61,3,Upholstered,3037 XG,Liskwartier,https://www.pararius.com/apartment-for-rent/rotterdam/49be19da/rodenrijselaan,690-3037 XG-61
For rent: Flat Churchillplein 80 in Rotterdam,2250,96,3,Upholstered or furnished,3011 EW,Stadsdriehoek,https://www.pararius.com/apartment-for-rent/rotterdam/8f6cc467/churchillplein,2250-3011 EW-96
For rent: Flat Soetendaalseweg in Rotterdam,2250,101,4,Upholstered,3036 ET,Oude Noorden,https://www.pararius.com/apartment-for-rent/rotterdam/8c01f69b/soetendaalseweg,2250-3036 ET-101
For rent: Flat Noordsingel in Rotterdam,1030,70,2,Shell,3032 BH,Agniesebuurt,https://www.pararius.com/apartment-for-rent/rotterdam/41c1b73b/noordsingel,1030-3032 BH-70
For rent: Flat Rijnhavenkade 34 in Rotterdam,3000,84,3,Furnished,3072 JS,Katendrecht,https://www.pararius.com/apartment-for-rent/rotterdam/b4295ed8/rijnhavenkade,3000-3072 JS-84
For rent: Flat Dunantstraat in Rotterdam,1100,122,3,Upholstered,3024 BC,Delfshaven,https://www.pararius.com/apartment-for-rent/rotterdam/476588a3/dunantstraat,1100-3024 BC-122
For rent: Flat 1e Jerichostraat in Rotterdam,715,42,1,Upholstered,3061 GK,Kralingen West,https://www.pararius.com/apartment-for-rent/rotterdam/3808afe5/1e-jerichostraat,715-3061 GK-42
For rent: Flat Walenburgerweg in Rotterdam,1850,108,3,Upholstered,3033 AK,Provenierswijk,https://www.pararius.com/apartment-for-rent/rotterdam/ca5faff1/walenburgerweg,1850-3033 AK-108
For rent: Flat Polanenstraat in Rotterdam,1309,86,2,Furnished,3062 KB,Kralingen Oost,https://www.pararius.com/apartment-for-rent/rotterdam/7c69d121/polanenstraat,1309-3062 KB-86
For rent: Flat Graaf Balderikstraat 102 in Rotterdam,1481,52,2,Furnished,3032 HC,Oude Noorden,https://www.pararius.com/apartment-for-rent/rotterdam/c9a5f5b8/graaf-balderikstraat,1481-3032 HC-52
For rent: Flat Baan 40 L in Rotterdam,1995,77,3,Upholstered,3011 CC,Stadsdriehoek,https://www.pararius.com/apartment-for-rent/rotterdam/3f304378/baan,1995-3011 CC-77
For rent: Flat 1e Jerichostraat in Rotterdam,640,42,2,Upholstered,3061 GK,Kralingen West,https://www.pararius.com/apartment-for-rent/rotterdam/dafdfefb/1e-jerichostraat,640-3061 GK-42
For rent: Flat Graaf Balderikstraat in Rotterdam,1425,52,2,Furnished,3032 HC,Oude Noorden,https://www.pararius.com/apartment-for-rent/rotterdam/73aede93/graaf-balderikstraat,1425-3032 HC-52
For rent: House Hooidrift in Rotterdam,2600,145,4,Furnished,3023 KG,Nieuwe Westen,https://www.pararius.com/house-for-rent/rotterdam/e300d16b/hooidrift,2600-3023 KG-145
For rent: Flat Spoorsingel in Rotterdam,1495,63,2,Furnished,3033 GP,Provenierswijk,https://www.pararius.com/apartment-for-rent/rotterdam/eb25789f/spoorsingel,1495-3033 GP-63
For rent: Flat Westerstraat 20 N in Rotterdam,2350,80,3,Furnished,3016 DH,Nieuwe Werk,https://www.pararius.com/apartment-for-rent/rotterdam/e4827333/westerstraat,2350-3016 DH-80
For rent: Flat Van Oldenbarneveltplaats in Rotterdam,1725,89,3,Upholstered,3012 AJ,Cool,https://www.pararius.com/apartment-for-rent/rotterdam/5d95f71d/van-oldenbarneveltplaats,1725-3012 AJ-89
For rent: Flat Groene Hilledijk in Rotterdam,1883,92,5,Upholstered,3073 AB,Bloemhof,https://www.pararius.com/apartment-for-rent/rotterdam/2e951041/groene-hilledijk,1883-3073 AB-92
For rent: Flat Vierambachtsstraat 28 A-01 in Rotterdam,1650,69,3,Shell,3023 AN,Nieuwe Westen,https://www.pararius.com/apartment-for-rent/rotterdam/b790c821/vierambachtsstraat,1650-3023 AN-69
For rent: Flat Schapendreef in Rotterdam,1650,74,3,,3034 ZL,Oud Crooswijk,https://www.pararius.com/apartment-for-rent/rotterdam/c8524665/schapendreef,1650-3034 ZL-74
For rent: Flat Kasteelweg in Rotterdam,1175,32,2,Furnished,3077 BN,Oud IJsselmonde,https://www.pararius.com/apartment-for-rent/rotterdam/df6420e6/kasteelweg,1175-3077 BN-32
For rent: Flat Burgemeester Meineszlaan in Rotterdam,1400,138,3,Upholstered,3022 BJ,Nieuwe Westen,https://www.pararius.com/apartment-for-rent/rotterdam/59c214ce/burgemeester-meineszlaan,1400-3022 BJ-138
For rent: Flat Jan Pettersonstraat in Rotterdam,2250,90,3,Furnished,3077 MN,Oud IJsselmonde,https://www.pararius.com/apartment-for-rent/rotterdam/4f70bfea/jan-pettersonstraat,2250-3077 MN-90
For rent: Flat Rijnhavenkade in Rotterdam,2995,82,2,Furnished,3072 JS,Katendrecht,https://www.pararius.com/apartment-for-rent/rotterdam/7242e3dd/rijnhavenkade,2995-3072 JS-82
For rent: House Molenlaan 41 in Rotterdam,4000,172,6,Furnished,3055 EG,Molenlaankwartier,https://www.pararius.com/house-for-rent/rotterdam/5eb9daef/molenlaan,4000-3055 EG-172
For rent: Flat Mauritsstraat in Rotterdam,1250,24,2,Upholstered,3012 CH,Cool,https://www.pararius.com/apartment-for-rent/rotterdam/3083a59a/mauritsstraat,1250-3012 CH-24
For rent: Flat Nieuwe Binnenweg in Rotterdam,1845,66,2,Furnished,3014 GD,Oude Westen,https://www.pararius.com/apartment-for-rent/rotterdam/867a756a/nieuwe-binnenweg,1845-3014 GD-66
For rent: Flat Karl Weisbardstraat in Rotterdam,3220,80,3,Furnished,3015 GM,Dijkzigt,https://www.pararius.com/apartment-for-rent/rotterdam/2d5c4377/karl-weisbardstraat,3220-3015 GM-80
For rent: Flat Binnenrotte in Rotterdam,2750,92,3,Furnished,3011 HC,Stadsdriehoek,https://www.pararius.com/apartment-for-rent/rotterdam/d3e103f0/binnenrotte,2750-3011 HC-92
For rent: Flat Lusthofstraat in Rotterdam,1895,60,3,Furnished,3061 WJ,Kralingen West,https://www.pararius.com/apartment-for-rent/rotterdam/2ee7d024/lusthofstraat,1895-3061 WJ-60
For rent: Flat Handelsplein 107 in Rotterdam,1975,110,2,Furnished,3071 PR,Kop van Zuid - Entrepot,https://www.pararius.com/apartment-for-rent/rotterdam/8ea62b0b/handelsplein,1975-3071 PR-110
For rent: Flat Scheepstimmermanslaan 27 D in Rotterdam,1850,62,2,Upholstered,3016 AD,Nieuwe Werk,https://www.pararius.com/apartment-for-rent/rotterdam/2b2e3214/scheepstimmermanslaan,1850-3016 AD-62
For rent: Flat Noordmolenstraat in Rotterdam,1850,60,2,Furnished,3035 RD,Oude Noorden,https://www.pararius.com/apartment-for-rent/rotterdam/0f50dd46/noordmolenstraat,1850-3035 RD-60
For rent: Flat Statenlaan in Rotterdam,1395,66,2,,3051 HN,Hillegersberg Zuid,https://www.pararius.com/apartment-for-rent/rotterdam/710a6bf7/statenlaan,1395-3051 HN-66
For rent: House Lijsterlaan 35 in Rotterdam,2850,135,6,Upholstered,3055 CD,Molenlaankwartier,https://www.pararius.com/house-for-rent/rotterdam/03cb1ed2/lijsterlaan,2850-3055 CD-135
For rent: Flat Rijnhavenkade in Rotterdam,2950,87,3,,3072 JS,Katendrecht,https://www.pararius.com/apartment-for-rent/rotterdam/53c21b03/rijnhavenkade,2950-3072 JS-87
For rent: Flat Narcissenstraat in Rotterdam,1525,55,2,Upholstered,3073 CL,Bloemhof,https://www.pararius.com/apartment-for-rent/rotterdam/76586f5c/narcissenstraat,1525-3073 CL-55
For rent: Flat Nico Koomanskade in Rotterdam,3499,124,4,Furnished,3072 LM,Katendrecht,https://www.pararius.com/apartment-for-rent/rotterdam/29b30700/nico-koomanskade,3499-3072 LM-124
For rent: Flat Weena in Rotterdam,2525,90,3,Furnished,3013 CE,Stadsdriehoek,https://www.pararius.com/apartment-for-rent/rotterdam/34d864f9/weena,2525-3013 CE-90
For rent: Flat Claes de Vrieselaan in Rotterdam,2950,110,3,Furnished,3021 JE,Middelland,https://www.pararius.com/apartment-for-rent/rotterdam/0c6262ad/claes-de-vrieselaan,2950-3021 JE-110
For rent: Flat Proveniersstraat in Rotterdam,2395,120,3,Shell,3033 CM,Provenierswijk,https://www.pararius.com/apartment-for-rent/rotterdam/41874520/proveniersstraat,2395-3033 CM-120
For rent: Flat Baan 42 K in Rotterdam,2095,83,2,Upholstered,3011 CC,Stadsdriehoek,https://www.pararius.com/apartment-for-rent/rotterdam/baa955c0/baan,2095-3011 CC-83
For rent: Flat Kruisplein in Rotterdam,2495,110,3,Furnished,3012 CC,Cool,https://www.pararius.com/apartment-for-rent/rotterdam/726e11b5/kruisplein,2495-3012 CC-110
For rent: Flat Borgesiusstraat in Rotterdam,995,71,2,Shell,3038 TD,Bergpolder,https://www.pararius.com/apartment-for-rent/rotterdam/1b2b484e/borgesiusstraat,995-3038 TD-71
For rent: Flat Nolensstraat 29 A in Rotterdam,2250,91,4,Furnished,3039 PL,Blijdorp,https://www.pararius.com/apartment-for-rent/rotterdam/27d9c3f0/nolensstraat,2250-3039 PL-91
For rent: Flat Wilhelminakade in Rotterdam,2250,76,2,Furnished,3072 AP,Kop van Zuid,https://www.pararius.com/apartment-for-rent/rotterdam/c7d5a8d0/wilhelminakade,2250-3072 AP-76
For rent: Flat Statenweg in Rotterdam,1950,120,4,Upholstered,3039 JN,Blijdorp,https://www.pararius.com/apartment-for-rent/rotterdam/735686bd/statenweg,1950-3039 JN-120
For rent: Flat Bundweg 77 in Rotterdam,2505,128,3,Upholstered,3072 JX,Katendrecht,https://www.pararius.com/apartment-for-rent/rotterdam/66ab2a2d/bundweg,2505-3072 JX-128
For rent: Flat Hoogstraat 20 B in Rotterdam,2250,70,3,Furnished,3011 PP,Stadsdriehoek,https://www.pararius.com/apartment-for-rent/rotterdam/698b9ca8/hoogstraat,2250-3011 PP-70
For rent: Flat Adriaen van der Doeslaan in Rotterdam,536,23,1,,3054 EB,Hillegersberg Noord,https://www.pararius.com/apartment-for-rent/rotterdam/549d6160/adriaen-van-der-doeslaan,536-3054 EB-23
For rent: Flat Doggerstraat 7 C in Rotterdam,1501,85,5,Upholstered,3028 HK,Oud Mathenesse,https://www.pararius.com/apartment-for-rent/rotterdam/34590654/doggerstraat,1501-3028 HK-85
For rent: Flat Eric Kropstraat in Rotterdam,3500,140,3,Furnished,3071 AE,Kop van Zuid - Entrepot,https://www.pararius.com/apartment-for-rent/rotterdam/1debd1b6/eric-kropstraat,3500-3071 AE-140
For rent: Flat Mijnsherenlaan in Rotterdam,528,15,1,Shell,3081 GS,Tarwewijk,https://www.pararius.com/apartment-for-rent/rotterdam/9d63c704/mijnsherenlaan,528-3081 GS-15
For rent: Flat Willem van Hillegaersbergstraat in Rotterdam,2900,120,3,Furnished,3051 RP,Hillegersberg Zuid,https://www.pararius.com/apartment-for-rent/rotterdam/d2eb9321/willem-van-hillegaersbergstraat,2900-3051 RP-120
For rent: Flat Specerijenhof 27 in Rotterdam,1950,92,3,Furnished,3063 BX,Struisenburg,https://www.pararius.com/apartment-for-rent/rotterdam/f61fa0ec/specerijenhof,1950-3063 BX-92
For rent: Flat Mijnsherenlaan in Rotterdam,471,11,1,Shell,3081 GS,Tarwewijk,https://www.pararius.com/apartment-for-rent/rotterdam/69d819e9/mijnsherenlaan,471-3081 GS-11
For rent: Flat Mijnsherenlaan in Rotterdam,581,15,1,Shell,3081 GS,Tarwewijk,https://www.pararius.com/apartment-for-rent/rotterdam/8a615cee/mijnsherenlaan,581-3081 GS-15
For rent: Flat Prins Frederikplein in Rotterdam,1895,84,3,Upholstered,3071 KS,Noordereiland,https://www.pararius.com/apartment-for-rent/rotterdam/19210d46/prins-frederikplein,1895-3071 KS-84
For rent: Flat Adriaan Kooningsstraat in Rotterdam,2750,118,3,Furnished,3077 ML,Oud IJsselmonde,https://www.pararius.com/apartment-for-rent/rotterdam/80293a36/adriaan-kooningsstraat,2750-3077 ML-118
For rent: Flat Vorkstraat in Rotterdam,1750,84,3,Furnished,3075 NT,Vreewijk,https://www.pararius.com/apartment-for-rent/rotterdam/1e80fdea/vorkstraat,1750-3075 NT-84
For rent: Flat Noordsingel 162 A 01 in Rotterdam,2500,138,4,Furnished,3032 BK,Agniesebuurt,https://www.pararius.com/apartment-for-rent/rotterdam/695bf8d9/noordsingel,2500-3032 BK-138
For rent: Flat Slaak in Rotterdam,1995,100,4,Furnished,3061 CZ,Kralingen West,https://www.pararius.com/apartment-for-rent/rotterdam/48004def/slaak,1995-3061 CZ-100
For rent: Flat Schepenstraat in Rotterdam,2150,112,4,Upholstered,3039 NP,Blijdorp,https://www.pararius.com/apartment-for-rent/rotterdam/6e73d5b0/schepenstraat,2150-3039 NP-112
For rent: Flat Schieweg in Rotterdam,1995,87,3,Upholstered,3038 AC,Bergpolder,https://www.pararius.com/apartment-for-rent/rotterdam/b4a8cc29/schieweg,1995-3038 AC-87
For rent: Flat Dorpsweg 104 B in Rotterdam,2295,88,5,Furnished,3083 LG,Carnisse,https://www.pararius.com/apartment-for-rent/rotterdam/4f371113/dorpsweg,2295-3083 LG-88
For rent: Flat Grotekerkplein in Rotterdam,1495,33,2,Upholstered,3011 GD,Stadsdriehoek,https://www.pararius.com/apartment-for-rent/rotterdam/bb5f2fb4/grotekerkplein,1495-3011 GD-33
For rent: Flat Scheepmakerspassage in Rotterdam,2500,84,3,Upholstered or furnished,3011 VH,Stadsdriehoek,https://www.pararius.com/apartment-for-rent/rotterdam/82f0f1b1/scheepmakerspassage,2500-3011 VH-84
For rent: Flat Ploegstraat in Rotterdam,1995,78,4,Furnished,3075 NG,Vreewijk,https://www.pararius.com/apartment-for-rent/rotterdam/860d33d8/ploegstraat,1995-3075 NG-78
For rent: Flat Schapendreef in Rotterdam,1159,74,3,Furnished,3034 ZL,Oud Crooswijk,https://www.pararius.com/apartment-for-rent/rotterdam/64202b0e/schapendreef,1159-3034 ZL-74
For rent: Room Hogenbanweg in Rotterdam,550,18,4,Furnished,3028 GM,Oud Mathenesse,https://www.pararius.com/room-for-rent/rotterdam/bc93c180/hogenbanweg,550-3028 GM-18
For rent: Flat Bonaventurastraat in Rotterdam,1068,100,4,Furnished,3081 HJ,Tarwewijk,https://www.pararius.com/apartment-for-rent/rotterdam/6fdbcb65/bonaventurastraat,1068-3081 HJ-100
For rent: Flat West-Varkenoordseweg in Rotterdam,581,19,1,Shell,3074 HW,Hillesluis,https://www.pararius.com/apartment-for-rent/rotterdam/576b0014/west-varkenoordseweg,581-3074 HW-19
For rent: Flat Weena in Rotterdam,2750,85,3,Furnished,3013 CE,Stadsdriehoek,https://www.pararius.com/apartment-for-rent/rotterdam/2b496b36/weena,2750-3013 CE-85
For rent: Flat Joost van Geelstraat in Rotterdam,750,37,2,Upholstered,3021 VP,Middelland,https://www.pararius.com/apartment-for-rent/rotterdam/0ee7d6d9/joost-van-geelstraat,750-3021 VP-37
For rent: House Teldersweg 106 in Rotterdam,2050,120,5,,3052 TL,Schiebroek,https://www.pararius.com/house-for-rent/rotterdam/49e64d1c/teldersweg,2050-3052 TL-120
For rent: Flat Westzeedijk 509 G in Rotterdam,1755,80,3,,3024 EL,Delfshaven,https://www.pararius.com/apartment-for-rent/rotterdam/ca120e6c/westzeedijk,1755-3024 EL-80
For rent: Flat Argonautenweg in Rotterdam,2650,95,3,Furnished,3054 RP,Hillegersberg Noord,https://www.pararius.com/apartment-for-rent/rotterdam/f56e4143/argonautenweg,2650-3054 RP-95
For rent: Flat Scheepstimmermanslaan 3 in Rotterdam,1215,38,2,,3016 AC,Nieuwe Werk,https://www.pararius.com/apartment-for-rent/rotterdam/25d65db0/scheepstimmermanslaan,1215-3016 AC-38
For rent: Flat Adolphine Kokplein 33 in Rotterdam,1625,79,2,,3052 SJ,Schiebroek,https://www.pararius.com/apartment-for-rent/rotterdam/c3671dc5/adolphine-kokplein,1625-3052 SJ-79
For rent: Flat West-Varkenoordseweg in Rotterdam,531,19,1,Shell,3074 HW,Hillesluis,https://www.pararius.com/apartment-for-rent/rotterdam/56813100/west-varkenoordseweg,531-3074 HW-19
For rent: House Breedveldsingel in Rotterdam,3500,166,5,Upholstered,3055 PK,Molenlaankwartier,https://www.pararius.com/house-for-rent/rotterdam/76e30608/breedveldsingel,3500-3055 PK-166
For rent: Flat Lisstraat in Rotterdam,2350,112,4,Furnished,3037 RA,Liskwartier,https://www.pararius.com/apartment-for-rent/rotterdam/5166130c/lisstraat,2350-3037 RA-112
For rent: Flat Charlotte de Bourbonlaan in Rotterdam,2765,135,6,Upholstered,3062 GB,Kralingen Oost,https://www.pararius.com/apartment-for-rent/rotterdam/dfb03ba0/charlotte-de-bourbonlaan,2765-3062 GB-135
For rent: Flat Westblaak in Rotterdam,2080,72,3,Upholstered,3012 KE,Cool,https://www.pararius.com/apartment-for-rent/rotterdam/110335b7/westblaak,2080-3012 KE-72
For rent: Flat Strevelsweg in Rotterdam,1858,102,4,Upholstered,3073 DX,Bloemhof,https://www.pararius.com/apartment-for-rent/rotterdam/5c83254c/strevelsweg,1858-3073 DX-102
For rent: Flat Kierkegaardstraat in Rotterdam,1995,90,4,Furnished,3076 RJ,Lombardijen,https://www.pararius.com/apartment-for-rent/rotterdam/ad0e7f7a/kierkegaardstraat,1995-3076 RJ-90
For rent: Flat Bergse Rechter Rottekade in Rotterdam,3995,142,3,Furnished,3051 AC,Hillegersberg Zuid,https://www.pararius.com/apartment-for-rent/rotterdam/e5efe05d/bergse-rechter-rottekade,3995-3051 AC-142
For rent: Flat Bloemfonteinstraat in Rotterdam,1825,94,3,Upholstered,3072 HG,Afrikaanderwijk,https://www.pararius.com/apartment-for-rent/rotterdam/6043136a/bloemfonteinstraat,1825-3072 HG-94
For rent: Studio Pleinweg in Rotterdam,1500,50,2,Upholstered,3083 EP,Carnisse,https://www.pararius.com/studio-for-rent/rotterdam/fa67f916/pleinweg,1500-3083 EP-50
For rent: Flat Gedempte Zalmhaven in Rotterdam,2200,85,3,Furnished,3011 BT,Stadsdriehoek,https://www.pararius.com/apartment-for-rent/rotterdam/d03e6759/gedempte-zalmhaven,2200-3011 BT-85
For rent: Flat Weena in Rotterdam,2000,85,3,Furnished,3013 CA,Stadsdriehoek,https://www.pararius.com/apartment-for-rent/rotterdam/c6a73005/weena,2000-3013 CA-85
For rent: Flat 's-Gravendijkwal in Rotterdam,1700,85,3,Upholstered,3014 EK,Oude Westen,https://www.pararius.com/apartment-for-rent/rotterdam/72505728/s-gravendijkwal,1700-3014 EK-85
For rent: Flat Zuidhoek 270 B in Rotterdam,2000,79,4,Upholstered or furnished,3082 PT,Oud Charlois,https://www.pararius.com/apartment-for-rent/rotterdam/8d51b6ea/zuidhoek,2000-3082 PT-79
For rent: Flat Vorkstraat in Rotterdam,1450,64,2,Furnished,3075 NT,Vreewijk,https://www.pararius.com/apartment-for-rent/rotterdam/aa7e91b3/vorkstraat,1450-3075 NT-64
For rent: Flat Zuidhoek 270 C in Rotterdam,1850,81,3,Upholstered or furnished,3082 PT,Oud Charlois,https://www.pararius.com/apartment-for-rent/rotterdam/6eeea9e5/zuidhoek,1850-3082 PT-81
For rent: Flat Zuidhoek 270 A in Rotterdam,1900,90,3,Upholstered or furnished,3082 PT,Oud Charlois,https://www.pararius.com/apartment-for-rent/rotterdam/3fe89e09/zuidhoek,1900-3082 PT-90
For rent: Flat Sint-Jobskade in Rotterdam,2250,102,4,Furnished,3024 EN,Schiemond,https://www.pararius.com/apartment-for-rent/rotterdam/3c006ae3/sint-jobskade,2250-3024 EN-102
For rent: Flat Schoonderloostraat in Rotterdam,2695,106,4,Upholstered,3024 TT,Delfshaven,https://www.pararius.com/apartment-for-rent/rotterdam/b8b4cada/schoonderloostraat,2695-3024 TT-106
For rent: Flat Ungerplein in Rotterdam,1550,60,3,Furnished,3033 BR,Provenierswijk,https://www.pararius.com/apartment-for-rent/rotterdam/b213af43/ungerplein,1550-3033 BR-60
For rent: Flat Botersloot in Rotterdam,2750,101,3,Furnished,3011 HE,Stadsdriehoek,https://www.pararius.com/apartment-for-rent/rotterdam/1947bbe8/botersloot,2750-3011 HE-101
For rent: Flat West-Varkenoordseweg in Rotterdam,596,19,1,Shell,3074 HW,Hillesluis,https://www.pararius.com/apartment-for-rent/rotterdam/ce9ffe5d/west-varkenoordseweg,596-3074 HW-19
For rent: Flat Ungerplein in Rotterdam,1600,67,3,Furnished,3033 BR,Provenierswijk,https://www.pararius.com/apartment-for-rent/rotterdam/92e85c30/ungerplein,1600-3033 BR-67
For rent: House Sophie Redmondstraat 28 in Rotterdam,3500,145,5,Furnished,3076 DJ,Lombardijen,https://www.pararius.com/house-for-rent/rotterdam/c1655ae3/sophie-redmondstraat,3500-3076 DJ-145
For rent: Flat W.G. Witteveenplein in Rotterdam,1750,81,2,Furnished,3071 MA,Kop van Zuid - Entrepot,https://www.pararius.com/apartment-for-rent/rotterdam/a99abe29/w-g-witteveenplein,1750-3071 MA-81
For rent: Flat Van der Horststraat 8 B1 in Rotterdam,2750,96,4,Upholstered,3039 VK,Blijdorp,https://www.pararius.com/apartment-for-rent/rotterdam/d27e971b/van-der-horststraat,2750-3039 VK-96
For rent: Flat Verlengde Nieuwstraat in Rotterdam,2247,111,3,Furnished,3011 GX,Stadsdriehoek,https://www.pararius.com/apartment-for-rent/rotterdam/dd16c632/verlengde-nieuwstraat,2247-3011 GX-111
For rent: Flat Suze Groeneweglaan in Rotterdam,2195,100,3,Furnished,3021 DS,Middelland,https://www.pararius.com/apartment-for-rent/rotterdam/a6ecfc76/suze-groeneweglaan,2195-3021 DS-100
For rent: Flat Ungerplein in Rotterdam,2550,89,4,,3033 BR,Provenierswijk,https://www.pararius.com/apartment-for-rent/rotterdam/de4f22c1/ungerplein,2550-3033 BR-89
For rent: Flat Polderlaan 14 D in Rotterdam,2100,99,4,,3074 ME,Hillesluis,https://www.pararius.com/apartment-for-rent/rotterdam/6281ec07/polderlaan,2100-3074 ME-99
For rent: Flat Ungerplein in Rotterdam,2450,86,4,Furnished,3033 BR,Provenierswijk,https://www.pararius.com/apartment-for-rent/rotterdam/b889202e/ungerplein,2450-3033 BR-86
For rent: Flat Overblaak in Rotterdam,2750,100,3,Furnished,3011 MH,Stadsdriehoek,https://www.pararius.com/apartment-for-rent/rotterdam/8e43432a/overblaak,2750-3011 MH-100
For rent: Flat Jufferstraat in Rotterdam,1795,70,3,Furnished,3011 XM,Stadsdriehoek,https://www.pararius.com/apartment-for-rent/rotterdam/694219df/jufferstraat,1795-3011 XM-70
For rent: Flat Mathenesserplein 15 in Rotterdam,2500,115,3,Upholstered or furnished,3022 LC,Nieuwe Westen,https://www.pararius.com/apartment-for-rent/rotterdam/883058aa/mathenesserplein,2500-3022 LC-115
For rent: Flat Halvemaanpassage in Rotterdam,2295,98,3,Furnished,3011 DL,Stadsdriehoek,https://www.pararius.com/apartment-for-rent/rotterdam/f992e14b/halvemaanpassage,2295-3011 DL-98
For rent: Flat Boompjes in Rotterdam,2645,80,2,Furnished,3011 XZ,Stadsdriehoek,https://www.pararius.com/apartment-for-rent/rotterdam/e20b6288/boompjes,2645-3011 XZ-80
For rent: Flat Houtlaan in Rotterdam,4995,136,4,Furnished,3016 DA,Nieuwe Werk,https://www.pararius.com/apartment-for-rent/rotterdam/c761e61d/houtlaan,4995-3016 DA-136
For rent: Flat Müllerkade in Rotterdam,2450,92,3,Upholstered,3024 EP,Schiemond,https://www.pararius.com/apartment-for-rent/rotterdam/bd298d05/muellerkade,2450-3024 EP-92
For rent: Flat Spireastraat 12 in Rotterdam,2100,111,4,Furnished,3053 DX,Schiebroek,https://www.pararius.com/apartment-for-rent/rotterdam/8e383e63/spireastraat,2100-3053 DX-111
For rent: Flat Narcissenstraat in Rotterdam,1500,90,5,Furnished,3073 CL,Bloemhof,https://www.pararius.com/apartment-for-rent/rotterdam/5d607bde/narcissenstraat,1500-3073 CL-90
For rent: Flat Wijnhaven in Rotterdam,2495,79,3,Furnished,3011 WJ,Stadsdriehoek,https://www.pararius.com/apartment-for-rent/rotterdam/05e022f0/wijnhaven,2495-3011 WJ-79
For rent: Flat Coolhaven 50 in Rotterdam,4500,359,5,,3024 AD,Delfshaven,https://www.pararius.com/apartment-for-rent/rotterdam/7d2b175e/coolhaven,4500-3024 AD-359
For rent: Room Randweg in Rotterdam,599,14,1,Furnished,3074 BH,Hillesluis,https://www.pararius.com/room-for-rent/rotterdam/5b3ea7ec/randweg,599-3074 BH-14
For rent: Flat Narcissenstraat in Rotterdam,1500,52,2,Furnished,3073 CL,Bloemhof,https://www.pararius.com/apartment-for-rent/rotterdam/324e9fcf/narcissenstraat,1500-3073 CL-52
For rent: Flat Müllerkade in Rotterdam,2250,78,3,Upholstered,3024 EP,Schiemond,https://www.pararius.com/apartment-for-rent/rotterdam/a13498ea/muellerkade,2250-3024 EP-78
For rent: Flat Eendrachtsweg in Rotterdam,1655,50,1,Furnished,3012 LG,Cool,https://www.pararius.com/apartment-for-rent/rotterdam/61cb2c98/eendrachtsweg,1655-3012 LG-50
For rent: Flat Heemraadssingel in Rotterdam,2750,138,4,Furnished,3021 ND,Middelland,https://www.pararius.com/apartment-for-rent/rotterdam/bb2be2bf/heemraadssingel,2750-3021 ND-138
For rent: Flat Westersingel in Rotterdam,2650,87,2,Furnished,3014 GP,Oude Westen,https://www.pararius.com/apartment-for-rent/rotterdam/38bb65ea/westersingel,2650-3014 GP-87
For rent: Flat Ien Daleshof in Rotterdam,3495,128,3,Furnished,3066 KJ,Prinsenland,https://www.pararius.com/apartment-for-rent/rotterdam/0537b9f4/ien-daleshof,3495-3066 KJ-128
For rent: Flat Oranjeboomstraat 230 G in Rotterdam,1350,82,3,Upholstered,3071 BL,Feijenoord,https://www.pararius.com/apartment-for-rent/rotterdam/d620fcdb/oranjeboomstraat,1350-3071 BL-82
For rent: Flat Gedempte Zalmhaven in Rotterdam,3475,111,4,Furnished,3016 DT,Nieuwe Werk,https://www.pararius.com/apartment-for-rent/rotterdam/9a8a5634/gedempte-zalmhaven,3475-3016 DT-111
For rent: Flat Weena 201 in Rotterdam,3250,111,4,,3013 AL,Cs Kwartier,https://www.pararius.com/apartment-for-rent/rotterdam/53cf4679/weena,3250-3013 AL-111
For rent: Flat Gordelweg in Rotterdam,1850,86,3,Upholstered or furnished,3038 GL,Blijdorp,https://www.pararius.com/apartment-for-rent/rotterdam/b1ef3a07/gordelweg,1850-3038 GL-86
For rent: Flat Laan op Zuid in Rotterdam,2000,93,3,Upholstered,3071 AA,Kop van Zuid,https://www.pararius.com/apartment-for-rent/rotterdam/25a7b00c/laan-op-zuid,2000-3071 AA-93
For rent: Flat Prins Hendrikkade in Rotterdam,2650,194,4,Furnished,3071 KP,Noordereiland,https://www.pararius.com/apartment-for-rent/rotterdam/606c26e5/prins-hendrikkade,2650-3071 KP-194
For rent: Flat Van Oldenbarneveltplaats in Rotterdam,1795,89,3,Upholstered,3012 AM,Cool,https://www.pararius.com/apartment-for-rent/rotterdam/1151c295/van-oldenbarneveltplaats,1795-3012 AM-89
For rent: Flat Eendrachtsstraat in Rotterdam,2800,125,6,Upholstered,3012 XP,Cool,https://www.pararius.com/apartment-for-rent/rotterdam/49f0c2b6/eendrachtsstraat,2800-3012 XP-125
For rent: Flat Slaghekstraat in Rotterdam,975,57,3,,3074 LC,Hillesluis,https://www.pararius.com/apartment-for-rent/rotterdam/82a20d00/slaghekstraat,975-3074 LC-57
For rent: Flat Kleiweg in Rotterdam,2495,140,4,Furnished,3051 SM,Hillegersberg Zuid,https://www.pararius.com/apartment-for-rent/rotterdam/0884a44d/kleiweg,2495-3051 SM-140
For rent: Flat Hoogstraat in Rotterdam,2200,90,3,Upholstered,3011 PL,Stadsdriehoek,https://www.pararius.com/apartment-for-rent/rotterdam/e3821fd0/hoogstraat,2200-3011 PL-90
For rent: Flat Letlandsestraat in Rotterdam,1050,22,1,Furnished,3028 ED,Oud Mathenesse,https://www.pararius.com/apartment-for-rent/rotterdam/de04b038/letlandsestraat,1050-3028 ED-22
For rent: Flat Stationssingel in Rotterdam,1995,42,1,Furnished,3033 HA,Provenierswijk,https://www.pararius.com/apartment-for-rent/rotterdam/87610c18/stationssingel,1995-3033 HA-42
For rent: Flat Mauritsstraat in Rotterdam,1315,37,2,Furnished,3012 CH,Cool,https://www.pararius.com/apartment-for-rent/rotterdam/ac2a1d8c/mauritsstraat,1315-3012 CH-37
For rent: Flat Kruisplein in Rotterdam,2500,101,3,Furnished,3012 CC,Cool,https://www.pararius.com/apartment-for-rent/rotterdam/452a9bcb/kruisplein,2500-3012 CC-101
For rent: Flat Lotustuin in Rotterdam,2700,120,3,,3078 KL,Groot IJsselmonde,https://www.pararius.com/apartment-for-rent/rotterdam/9cd536c2/lotustuin,2700-3078 KL-120
For rent: Flat Baan in Rotterdam,1995,61,2,Upholstered,3011 CC,Stadsdriehoek,https://www.pararius.com/apartment-for-rent/rotterdam/4998c615/baan,1995-3011 CC-61
For rent: Flat Wilhelminakade in Rotterdam,3250,94,3,Furnished,3072 AP,Kop van Zuid,https://www.pararius.com/apartment-for-rent/rotterdam/405b7011/wilhelminakade,3250-3072 AP-94
For rent: Flat Van Weelstraat in Rotterdam,2500,100,4,Furnished,3022 ZE,Nieuwe Westen,https://www.pararius.com/apartment-for-rent/rotterdam/36574cbd/van-weelstraat,2500-3022 ZE-100
For rent: Studio Vierambachtsstraat in Rotterdam,1395,30,2,Furnished,3023 AT,Nieuwe Westen,https://www.pararius.com/studio-for-rent/rotterdam/153afd8e/vierambachtsstraat,1395-3023 AT-30
For rent: Flat Schieweg 250 B in Rotterdam,2132,58,3,Furnished,3038 BS,Bergpolder,https://www.pararius.com/apartment-for-rent/rotterdam/b6eb049a/schieweg,2132-3038 BS-58
For rent: Flat Van Vollenhovenstraat in Rotterdam,2500,70,2,Furnished,3016 BJ,Nieuwe Werk,https://www.pararius.com/apartment-for-rent/rotterdam/9b357910/van-vollenhovenstraat,2500-3016 BJ-70
For rent: Flat Westersingel 52 A in Rotterdam,2200,95,3,Upholstered,3014 GV,Oude Westen,https://www.pararius.com/apartment-for-rent/rotterdam/1a7aebf5/westersingel,2200-3014 GV-95
For rent: Flat Weena 69 D in Rotterdam,2245,86,3,,3013 CG,Stadsdriehoek,https://www.pararius.com/apartment-for-rent/rotterdam/f158c3f4/weena,2245-3013 CG-86
For rent: Flat Zweedsestraat in Rotterdam,2500,77,4,Furnished,3028 TR,Oud Mathenesse,https://www.pararius.com/apartment-for-rent/rotterdam/89dcf33a/zweedsestraat,2500-3028 TR-77
For rent: Room Middellandplein in Rotterdam,464,20,1,Upholstered,3021 BV,Middelland,https://www.pararius.com/room-for-rent/rotterdam/fb99642a/middellandplein,464-3021 BV-20
For rent: Flat Gedempte Zalmhaven in Rotterdam,5250,219,4,Furnished,3016 DT,Nieuwe Werk,https://www.pararius.com/apartment-for-rent/rotterdam/e4debfe4/gedempte-zalmhaven,5250-3016 DT-219
For rent: Flat Churchillplein in Rotterdam,1995,88,3,Upholstered,3011 EW,Stadsdriehoek,https://www.pararius.com/apartment-for-rent/rotterdam/dafd04ad/churchillplein,1995-3011 EW-88
For rent: Flat Robert Baeldestraat in Rotterdam,1900,77,3,Furnished,3061 TJ,Kralingen West,https://www.pararius.com/apartment-for-rent/rotterdam/4fb5816b/robert-baeldestraat,1900-3061 TJ-77
For rent: Flat Schieweg 194 C 03 in Rotterdam,1750,90,5,Upholstered,3038 BL,Bergpolder,https://www.pararius.com/apartment-for-rent/rotterdam/804c2dcc/schieweg,1750-3038 BL-90
For rent: Flat Overblaak in Rotterdam,2995,100,4,Furnished,3011 MH,Stadsdriehoek,https://www.pararius.com/apartment-for-rent/rotterdam/a4f27190/overblaak,2995-3011 MH-100
For rent: Flat Laan op Zuid in Rotterdam,2500,100,3,Furnished,3071 AB,Kop van Zuid - Entrepot,https://www.pararius.com/apartment-for-rent/rotterdam/2bf84efb/laan-op-zuid,2500-3071 AB-100
For rent: Flat Beijerlandselaan 5 B 02 in Rotterdam,2050,104,3,Upholstered,3074 EA,Hillesluis,https://www.pararius.com/apartment-for-rent/rotterdam/a3f184cd/beijerlandselaan,2050-3074 EA-104
For rent: Flat Schiehavenkade in Rotterdam,2250,108,2,Furnished,3024 EZ,Schiemond,https://www.pararius.com/apartment-for-rent/rotterdam/e6c57c87/schiehavenkade,2250-3024 EZ-108
For rent: Flat Mathenesserweg in Rotterdam,2650,100,4,Upholstered,3027 HM,Spangen,https://www.pararius.com/apartment-for-rent/rotterdam/52aa5334/mathenesserweg,2650-3027 HM-100
For rent: House Voorhout in Rotterdam,2700,90,3,Upholstered,3055 ES,Molenlaankwartier,https://www.pararius.com/house-for-rent/rotterdam/e1d1a84c/voorhout,2700-3055 ES-90
For rent: Flat Burgemeester Meineszlaan in Rotterdam,2600,127,5,Upholstered,3022 BJ,Nieuwe Westen,https://www.pararius.com/apartment-for-rent/rotterdam/d7be5130/burgemeester-meineszlaan,2600-3022 BJ-127
For rent: Flat Nieuwe Binnenweg in Rotterdam,2750,103,4,Upholstered,3023 EM,Nieuwe Westen,https://www.pararius.com/apartment-for-rent/rotterdam/1c192f97/nieuwe-binnenweg,2750-3023 EM-103
For rent: Flat Kleiweg in Rotterdam,1375,55,2,Furnished,3051 XR,Hillegersberg Zuid,https://www.pararius.com/apartment-for-rent/rotterdam/700298de/kleiweg,1375-3051 XR-55
For rent: Flat Jan Pettersonstraat in Rotterdam,2500,90,3,Upholstered,3077 MN,Oud IJsselmonde,https://www.pararius.com/apartment-for-rent/rotterdam/af109d3f/jan-pettersonstraat,2500-3077 MN-90
For rent: Flat Hertekade 447 in Rotterdam,2385,118,3,,3011 XV,Stadsdriehoek,https://www.pararius.com/apartment-for-rent/rotterdam/3e1d31d8/hertekade,2385-3011 XV-118
For rent: Flat Zuidplein in Rotterdam,2900,88,2,Furnished,3083 CX,Zuidplein,https://www.pararius.com/apartment-for-rent/rotterdam/e3275164/zuidplein,2900-3083 CX-88
For rent: Flat Houtlaan in Rotterdam,3896,132,4,Furnished,3016 DA,Nieuwe Werk,https://www.pararius.com/apartment-for-rent/rotterdam/53b1bec1/houtlaan,3896-3016 DA-132
For rent: Flat Voorschoterlaan in Rotterdam,2950,189,5,Upholstered,3062 KH,Kralingen Oost,https://www.pararius.com/apartment-for-rent/rotterdam/2c97e5b9/voorschoterlaan,2950-3062 KH-189
For rent: Flat Schiekade in Rotterdam,2250,98,3,Upholstered,3032 AK,Agniesebuurt,https://www.pararius.com/apartment-for-rent/rotterdam/1fdf6953/schiekade,2250-3032 AK-98
For rent: Flat Willem Beukelszstraat in Rotterdam,2450,110,4,Upholstered,3027 CJ,Spangen,https://www.pararius.com/apartment-for-rent/rotterdam/df0bb806/willem-beukelszstraat,2450-3027 CJ-110
For rent: Flat Bergweg in Rotterdam,2050,105,2,Shell,3036 BL,Oude Noorden,https://www.pararius.com/apartment-for-rent/rotterdam/023b7ba9/bergweg,2050-3036 BL-105
For rent: Flat Heemraadssingel 327 A in Rotterdam,2750,86,3,Upholstered or furnished,3023 BH,Nieuwe Westen,https://www.pararius.com/apartment-for-rent/rotterdam/6a9f7d86/heemraadssingel,2750-3023 BH-86
For rent: Flat Voorschoterlaan 78 1 in Rotterdam,2950,100,3,Furnished,3062 KS,Kralingen Oost,https://www.pararius.com/apartment-for-rent/rotterdam/4606c0d0/voorschoterlaan,2950-3062 KS-100
For rent: Flat Kruisplein 452 in Rotterdam,2450,77,3,Furnished,3012 CC,Cool,https://www.pararius.com/apartment-for-rent/rotterdam/b194e199/kruisplein,2450-3012 CC-77
For rent: House Overschieseweg in Rotterdam,3495,238,8,Furnished,3044 EH,Spaanse Polder,https://www.pararius.com/house-for-rent/rotterdam/085ea87e/overschieseweg,3495-3044 EH-238
For rent: Flat Brede Hilledijk in Rotterdam,3250,103,3,Furnished,3072 NK,Katendrecht,https://www.pararius.com/apartment-for-rent/rotterdam/4e249a7d/brede-hilledijk,3250-3072 NK-103
For rent: Flat Samuel Soesmanstraat 17 in Rotterdam,2250,60,2,Upholstered,3015 GL,Dijkzigt,https://www.pararius.com/apartment-for-rent/rotterdam/aaca1bf7/samuel-soesmanstraat,2250-3015 GL-60
For rent: House Molenlaan in Rotterdam,3500,177,7,Upholstered or furnished,3055 EJ,Molenlaankwartier,https://www.pararius.com/house-for-rent/rotterdam/f27602ba/molenlaan,3500-3055 EJ-177
For rent: Flat Rodenrijselaan in Rotterdam,2600,133,4,Furnished,3037 XE,Liskwartier,https://www.pararius.com/apartment-for-rent/rotterdam/014f888d/rodenrijselaan,2600-3037 XE-133
For rent: Flat Gerrit van de Lindestraat 27 B in Rotterdam,2500,147,4,Furnished,3022 TB,Nieuwe Westen,https://www.pararius.com/apartment-for-rent/rotterdam/509f3b84/gerrit-van-de-lindestraat,2500-3022 TB-147
For rent: Flat Lloydstraat in Rotterdam,1650,70,1,Upholstered or furnished,3024 EA,Schiemond,https://www.pararius.com/apartment-for-rent/rotterdam/594b84e5/lloydstraat,1650-3024 EA-70
For rent: House Pascalweg 92 in Rotterdam,3500,201,7,Upholstered,3076 JR,Lombardijen,https://www.pararius.com/house-for-rent/rotterdam/a5389f79/pascalweg,3500-3076 JR-201
For rent: Flat Mathenesserweg in Rotterdam,5000,130,6,Upholstered,3027 HM,Spangen,https://www.pararius.com/apartment-for-rent/rotterdam/744a77b4/mathenesserweg,5000-3027 HM-130
For rent: Flat Kruiskade in Rotterdam,1900,84,3,Upholstered,3012 EG,Cool,https://www.pararius.com/apartment-for-rent/rotterdam/eb9edb05/kruiskade,1900-3012 EG-84
For rent: Flat Mathenesserlaan 247 B in Rotterdam,2500,68,3,Furnished,3021 HC,Middelland,https://www.pararius.com/apartment-for-rent/rotterdam/49f3457e/mathenesserlaan,2500-3021 HC-68
For rent: Flat Zaagmolenstraat in Rotterdam,2000,80,4,Upholstered,3036 HK,Oude Noorden,https://www.pararius.com/apartment-for-rent/rotterdam/1fbedffe/zaagmolenstraat,2000-3036 HK-80
For rent: Flat Mathenesserlaan 247 H in Rotterdam,3325,110,4,Furnished,3021 HC,Middelland,https://www.pararius.com/apartment-for-rent/rotterdam/1d5c8a17/mathenesserlaan,3325-3021 HC-110
For rent: Flat Schout van Groenewegenstraat 47 A in Rotterdam,2750,100,5,,3043 ED,Overschie,https://www.pararius.com/apartment-for-rent/rotterdam/abda84f9/schout-van-groenewegenstraat,2750-3043 ED-100
For rent: Flat Freericksplaats in Rotterdam,3250,122,3,Upholstered,3054 GL,Hillegersberg Noord,https://www.pararius.com/apartment-for-rent/rotterdam/5df3409d/freericksplaats,3250-3054 GL-122
For rent: Flat Kruisplein in Rotterdam,2800,100,3,Furnished,3012 CC,Cool,https://www.pararius.com/apartment-for-rent/rotterdam/1b632984/kruisplein,2800-3012 CC-100
For rent: Flat Schiedamsesingel in Rotterdam,2800,52,2,Furnished,3012 BB,Cool,https://www.pararius.com/apartment-for-rent/rotterdam/929a8d6c/schiedamsesingel,2800-3012 BB-52
For rent: Flat Eendrachtsweg in Rotterdam,2100,50,1,Furnished,3012 LG,Cool,https://www.pararius.com/apartment-for-rent/rotterdam/e8c50393/eendrachtsweg,2100-3012 LG-50
For rent: Flat Kruiskade in Rotterdam,2104,86,3,Upholstered,3012 EG,Cool,https://www.pararius.com/apartment-for-rent/rotterdam/ef57cd22/kruiskade,2104-3012 EG-86
For rent: House Lijsterlaan 20 in Rotterdam,3250,121,6,Upholstered,3055 CH,Molenlaankwartier,https://www.pararius.com/house-for-rent/rotterdam/d091db16/lijsterlaan,3250-3055 CH-121
For rent: House Marmerhof in Rotterdam,3500,190,6,,3043 KD,Overschie,https://www.pararius.com/house-for-rent/rotterdam/8795c62e/marmerhof,3500-3043 KD-190
For rent: Flat Hoofdweg in Rotterdam,2100,103,4,Furnished,3067 GK,Oosterflank,https://www.pararius.com/apartment-for-rent/rotterdam/d79012cf/hoofdweg,2100-3067 GK-103
For rent: Flat Schieweg in Rotterdam,1500,96,3,Upholstered,3038 BG,Bergpolder,https://www.pararius.com/apartment-for-rent/rotterdam/35f76688/schieweg,1500-3038 BG-96
For rent: Flat Botersloot in Rotterdam,1900,55,2,Furnished,3011 HE,Stadsdriehoek,https://www.pararius.com/apartment-for-rent/rotterdam/643896ce/botersloot,1900-3011 HE-55
For rent: House Lisstraat in Rotterdam,2050,116,5,,3037 RG,Liskwartier,https://www.pararius.com/house-for-rent/rotterdam/64106532/lisstraat,2050-3037 RG-116
For rent: Flat Jupiterstraat in Rotterdam,1550,110,2,Shell,3054 WH,Hillegersberg Noord,https://www.pararius.com/apartment-for-rent/rotterdam/313255aa/jupiterstraat,1550-3054 WH-110
For rent: Flat Oudedijk in Rotterdam,1440,20,1,Furnished,3061 AB,Kralingen West,https://www.pararius.com/apartment-for-rent/rotterdam/e6a3f5d6/oudedijk,1440-3061 AB-20
For rent: Flat Abraham Kuyperlaan in Rotterdam,1550,47,2,Furnished,3038 PB,Bergpolder,https://www.pararius.com/apartment-for-rent/rotterdam/5c09197b/abraham-kuyperlaan,1550-3038 PB-47
For rent: House Buitenzorg 1 in Rotterdam,3500,146,7,Furnished,3054 KX,Hillegersberg Zuid,https://www.pararius.com/house-for-rent/rotterdam/5f2952db/buitenzorg,3500-3054 KX-146
For rent: Flat Hertekade 112 in Rotterdam,2245,117,3,,3011 XV,Stadsdriehoek,https://www.pararius.com/apartment-for-rent/rotterdam/72279157/hertekade,2245-3011 XV-117
For rent: Flat Witte de Withstraat in Rotterdam,1425,45,1,Furnished,3012 BT,Cool,https://www.pararius.com/apartment-for-rent/rotterdam/eed0a770/witte-de-withstraat,1425-3012 BT-45
For rent: Flat Westerstraat 46 in Rotterdam,2335,60,2,Upholstered or furnished,3016 DH,Nieuwe Werk,https://www.pararius.com/apartment-for-rent/rotterdam/a6fcc9bb/westerstraat,2335-3016 DH-60
For rent: Flat Hertekade 374 in Rotterdam,1620,82,3,,3011 XV,Stadsdriehoek,https://www.pararius.com/apartment-for-rent/rotterdam/4ca8e463/hertekade,1620-3011 XV-82
For rent: Flat Prins Hendrikkade 156 B in Rotterdam,1895,90,3,Furnished,3071 KP,Noordereiland,https://www.pararius.com/apartment-for-rent/rotterdam/0dba150b/prins-hendrikkade,1895-3071 KP-90
For rent: Flat Noorderhavenkade in Rotterdam,1650,80,2,Furnished,3039 RJ,Blijdorp,https://www.pararius.com/apartment-for-rent/rotterdam/280d5891/noorderhavenkade,1650-3039 RJ-80
For rent: Flat Witte de Withstraat in Rotterdam,1450,50,1,Furnished,3012 BT,Cool,https://www.pararius.com/apartment-for-rent/rotterdam/7eee4b94/witte-de-withstraat,1450-3012 BT-50
For rent: Flat Lloydstraat in Rotterdam,1650,65,1,Furnished,3024 EA,Schiemond,https://www.pararius.com/apartment-for-rent/rotterdam/ad29e0c7/lloydstraat,1650-3024 EA-65
For rent: Flat Walravenstraat in Rotterdam,1382,82,3,Upholstered,3074 NL,Hillesluis,https://www.pararius.com/apartment-for-rent/rotterdam/76f2a287/walravenstraat,1382-3074 NL-82
For rent: Flat Dordtselaan in Rotterdam,1750,100,4,Furnished,3073 GG,Bloemhof,https://www.pararius.com/apartment-for-rent/rotterdam/5b6d1e55/dordtselaan,1750-3073 GG-100
For rent: Flat Voorschoterlaan 78 2 in Rotterdam,2700,100,3,Furnished,3062 KS,Kralingen Oost,https://www.pararius.com/apartment-for-rent/rotterdam/862507e2/voorschoterlaan,2700-3062 KS-100
For rent: Flat Prinsenlaan in Rotterdam,2500,112,3,Furnished,3066 KE,Prinsenland,https://www.pararius.com/apartment-for-rent/rotterdam/1e830e84/prinsenlaan,2500-3066 KE-112
For rent: Flat Eendrachtsweg in Rotterdam,1750,50,1,Furnished,3012 LG,Cool,https://www.pararius.com/apartment-for-rent/rotterdam/c9671568/eendrachtsweg,1750-3012 LG-50
For rent: Flat Calandstraat in Rotterdam,2340,83,3,Furnished,3016 CB,Nieuwe Werk,https://www.pararius.com/apartment-for-rent/rotterdam/35908ce8/calandstraat,2340-3016 CB-83
For rent: Flat Vignolahof 14 in Rotterdam,2450,96,4,Furnished,3066 AV,Prinsenland,https://www.pararius.com/apartment-for-rent/rotterdam/b1cf9462/vignolahof,2450-3066 AV-96
For rent: Flat Piet Smitkade in Rotterdam,1795,116,3,Furnished,3077 MJ,Oud IJsselmonde,https://www.pararius.com/apartment-for-rent/rotterdam/5cdfa096/piet-smitkade,1795-3077 MJ-116
For rent: Flat Oudedijk in Rotterdam,1750,60,1,Furnished,3061 AB,Kralingen West,https://www.pararius.com/apartment-for-rent/rotterdam/54242e43/oudedijk,1750-3061 AB-60
For rent: Flat Oudedijk in Rotterdam,1650,65,1,Furnished,3061 AB,Kralingen West,https://www.pararius.com/apartment-for-rent/rotterdam/38d81a79/oudedijk,1650-3061 AB-65
For rent: Flat Weissenbruchlaan in Rotterdam,2295,84,3,Furnished,3054 LN,Hillegersberg Noord,https://www.pararius.com/apartment-for-rent/rotterdam/53432659/weissenbruchlaan,2295-3054 LN-84
For rent: Flat Scheepmakerspassage 109 in Rotterdam,2950,120,3,Furnished,3011 VH,Stadsdriehoek,https://www.pararius.com/apartment-for-rent/rotterdam/1160fe2f/scheepmakerspassage,2950-3011 VH-120
For rent: Room Schieweg in Rotterdam,750,15,1,Furnished,3038 AX,Bergpolder,https://www.pararius.com/room-for-rent/rotterdam/38c186f5/schieweg,750-3038 AX-15
For rent: House Bottelaarstraat 14 in Rotterdam,2500,135,6,Furnished,3071 JD,Feijenoord,https://www.pararius.com/house-for-rent/rotterdam/bbd09c91/bottelaarstraat,2500-3071 JD-135
For rent: House Willem Nagellaan 2 in Rotterdam,4200,250,6,,3054 BX,Hillegersberg Noord,https://www.pararius.com/house-for-rent/rotterdam/66022e66/willem-nagellaan,4200-3054 BX-250
For rent: Flat Stadhoudersplein 123 in Rotterdam,1850,63,3,Furnished,3038 EA,Bergpolder,https://www.pararius.com/apartment-for-rent/rotterdam/18febb50/stadhoudersplein,1850-3038 EA-63
For rent: Flat Witte de Withstraat in Rotterdam,1395,45,1,Furnished,3012 BT,Cool,https://www.pararius.com/apartment-for-rent/rotterdam/7e0e5798/witte-de-withstraat,1395-3012 BT-45
For rent: House Piet van de Polsingel in Rotterdam,2750,130,6,Furnished,3056 AK,Terbregge,https://www.pararius.com/house-for-rent/rotterdam/55d69df1/piet-van-de-polsingel,2750-3056 AK-130
For rent: Flat 's-Gravenweg in Rotterdam,4300,65,3,Furnished,3065 SC,'s-Gravenland,https://www.pararius.com/apartment-for-rent/rotterdam/fcce011c/s-gravenweg,4300-3065 SC-65
For rent: Flat 's-Gravenweg in Rotterdam,3800,65,2,Furnished,3065 SC,'s-Gravenland,https://www.pararius.com/apartment-for-rent/rotterdam/dfedc9f5/s-gravenweg,3800-3065 SC-65
For rent: Flat Van Bijlandtplaats in Rotterdam,2407,110,4,Upholstered,3012 GA,Cool,https://www.pararius.com/apartment-for-rent/rotterdam/c8a5fa9b/van-bijlandtplaats,2407-3012 GA-110
For rent: Flat Eendrachtsweg in Rotterdam,1675,30,1,Furnished,3012 LG,Cool,https://www.pararius.com/apartment-for-rent/rotterdam/fe9693f8/eendrachtsweg,1675-3012 LG-30
For rent: Flat Witte de Withstraat in Rotterdam,1295,50,1,Furnished,3012 BT,Cool,https://www.pararius.com/apartment-for-rent/rotterdam/c343e628/witte-de-withstraat,1295-3012 BT-50
For rent: Flat Wilhelminakade in Rotterdam,3500,136,4,Furnished,3072 AP,Kop van Zuid,https://www.pararius.com/apartment-for-rent/rotterdam/c8b6c71f/wilhelminakade,3500-3072 AP-136
For rent: Flat Jufferstraat in Rotterdam,3000,109,3,Upholstered,3011 XM,Stadsdriehoek,https://www.pararius.com/apartment-for-rent/rotterdam/54364df0/jufferstraat,3000-3011 XM-109
For rent: Flat Oudedijk in Rotterdam,1425,25,1,Furnished,3061 AB,Kralingen West,https://www.pararius.com/apartment-for-rent/rotterdam/031eb4cf/oudedijk,1425-3061 AB-25
For rent: Flat Weena in Rotterdam,2995,65,1,Furnished,3014 DA,Cs Kwartier,https://www.pararius.com/apartment-for-rent/rotterdam/a9ccc133/weena,2995-3014 DA-65
For rent: Flat Witte de Withstraat in Rotterdam,1395,50,1,Furnished,3012 BT,Cool,https://www.pararius.com/apartment-for-rent/rotterdam/1ac194b8/witte-de-withstraat,1395-3012 BT-50
For rent: Flat Ochterveltstraat in Rotterdam,2250,70,2,Furnished,3015 XL,Oude Westen,https://www.pararius.com/apartment-for-rent/rotterdam/d6724f0d/ochterveltstraat,2250-3015 XL-70
For rent: Flat Maasboulevard 196 in Rotterdam,2500,105,3,Furnished,3011 TX,Stadsdriehoek,https://www.pararius.com/apartment-for-rent/rotterdam/8a967c9e/maasboulevard,2500-3011 TX-105
For rent: Flat Witte de Withstraat in Rotterdam,1800,40,1,Furnished,3012 BN,Cool,https://www.pararius.com/apartment-for-rent/rotterdam/a9a32681/witte-de-withstraat,1800-3012 BN-40
For rent: Flat Witte de Withstraat in Rotterdam,1800,45,1,Furnished,3012 BN,Cool,https://www.pararius.com/apartment-for-rent/rotterdam/17e0ec4f/witte-de-withstraat,1800-3012 BN-45
Appartement Zuidplein in Rotterdam,2250,87,3,Gestoffeerd,3083 CX,Zuidplein,https://www.huurwoningen.com/huren/rotterdam/1466645/zuidplein/,2250-3083 CX-87
Huis Epicurusstraat in Rotterdam,964,45,3,,3076 NG,Lombardijen,https://www.huurwoningen.com/huren/rotterdam/1470222/epicurusstraat/,964-3076 NG-45
Appartement Diogenesstraat in Rotterdam,945,60,3,,3076 AB,Lombardijen,https://www.huurwoningen.com/huren/rotterdam/1447379/diogenesstraat/,945-3076 AB-60
Kamer Donkerslootstraat in Rotterdam,475,15,1,Gemeubileerd,3074 WL,Hillesluis,https://www.huurwoningen.com/huren/rotterdam/1470397/donkerslootstraat/,475-3074 WL-15
Appartement Boompjes in Rotterdam,1875,94,1,,3011 XB,Stadsdriehoek,https://www.huurwoningen.com/huren/rotterdam/1470028/boompjes/,1875-3011 XB-94
Appartement Van Oldenbarneveltplaats in Rotterdam,1415,85,3,,3012 AH,Cool,https://www.huurwoningen.com/huren/rotterdam/1470047/van-oldenbarneveltplaats/,1415-3012 AH-85
Appartement Van der Hoevenplein in Rotterdam,1323,83,3,,3072 MK,Kop van Zuid,https://www.huurwoningen.com/huren/rotterdam/1470042/van-der-hoevenplein/,1323-3072 MK-83
Appartement Boompjes in Rotterdam,2160,99,2,,3011 XB,Stadsdriehoek,https://www.huurwoningen.com/huren/rotterdam/1470111/boompjes/,2160-3011 XB-99
Appartement Boompjes in Rotterdam,1670,90,2,,3011 XB,Stadsdriehoek,https://www.huurwoningen.com/huren/rotterdam/1470035/boompjes/,1670-3011 XB-90
Appartement Bas Paauwestraat in Rotterdam,1600,88,3,,3077 MP,Oud IJsselmonde,https://www.huurwoningen.com/huren/rotterdam/1470154/bas-paauwestraat/,1600-3077 MP-88
Appartement Gedempte Zalmhaven in Rotterdam,1570,105,2,,3011 BT,Stadsdriehoek,https://www.huurwoningen.com/huren/rotterdam/1470447/gedempte-zalmhaven/,1570-3011 BT-105
Huis Essenburgsingel in Rotterdam,1600,138,6,,3021 AP,Middelland,https://www.huurwoningen.com/huren/rotterdam/1470412/essenburgsingel/,1600-3021 AP-138
